"term","sumsq","meansq","NumDF","DenDF","statistic","p.value"
"condition",2608.21434275252,869.404780917505,3,348.577665694403,6.60325352420001,0.000237586394743676
"group",91.746537166926,91.746537166926,1,112.785640950202,0.696828073057139,0.405616264339478
"age",109.51721570375,109.51721570375,1,112.955134688145,0.831798918433052,0.363695259309144
"sex",202.989585720445,202.989585720445,1,112.762534363043,1.54173493884449,0.216936259233634
"condition:group",1247.67239756082,415.89079918694,3,348.583509272243,3.15875003910681,0.024833276987499
